<?xml version="1.0" encoding="UTF-8"?>
<!DOCTYPE hibernate-configuration PUBLIC
        "-//Hibernate/Hibernate Configuration DTD 3.0//EN"
        "http://www.hibernate.org/dtd/hibernate-configuration-3.0.dtd">
<hibernate-configuration>
<session-factory>
        <!--validate the database on startup -->
        <property name="hibernate.hbm2ddl.auto">validate</property>
       
         <!-- Database connection settings -->
        <property name="connection.driver_class">com.mysql.cj.jdbc.Driver</property>
        <!-- making sure that its connected to the right database -->
        <property name="connection.url">jdbc:mysql://127.0.0.1:3306/SMS</property>
        <!-- connecting to the mysql connection with folder and password-->
        <property name="connection.username">root</property>
        <property name="connection.password">leomaloney1204</property>

        <!-- MySQL DB dialect -->
        <property name="dialect">org.hibernate.dialect.MySQL5Dialect</property>
        <!-- print all executed SQL on console -->
        <property name="hibernate.show_sql" >false</property>
        <property name="hibernate.format_sql" >true</property>
  
      
        <!--   Mapping entity file -->
        <!-- <mapping class="hibernate.User"/> --> 
        <mapping class="hibernate.Student"/>
        <mapping class="hibernate.Course"/>
        <mapping class="hibernate.StudentCourse"/>
     
        
        
    </session-factory>
</hibernate-configuration>